Yummy Bread  因美面包蛋糕专卖店,No number,No website
Teaffani Patisserie,03-7887 6789,http://www.teaffani.com/
Le Gateau,No number,No website
Sweetly Cake House,No number,No website
Ming Kee Cake House,No number,No website
Biscuit House,No number,No website
Bakery Garden Cake House  烘焙乐园,03-7983 1163,No website
Peach Delight Cake House,03-9172 8807,No website
Bread Stick,No number,No website
Ceri Indah,No number,No website
Yee Hup  余合,03-2143 0328,http://www.yeehup.com.my/
The Baker's Cottage,03-8945 3826,http://www.thebakerscottage.com.my/index.html
Dunkin' Donuts,No number,No website
Bake Shoppe,No number,No website
Yimidor @ Pasar Malam Taman Ehsan,No number,No website
Coffea Coffee,No number,http://www.coffea.my/
Velocity,012-975 9474,https://www.facebook.com/VelocityMY
