Yee Hup  余合,03-2143 0328,http://www.yeehup.com.my/
Sweetly Cake House,No number,No website
Ming Kee Cake House,No number,No website
Sin Hua Bee Bakery  新华美,03-4041 9129,No website
Biscuit House,No number,No website
Ho's Bakery,012-667 5126,https://www.facebook.com/pages/Hos-Bakery/158041887544883
PH Pastry House,03-2141 2208,https://www.facebook.com/pastryhousekl
Xi He Xuan Bakery,012-388 4885,https://www.facebook.com/pages/%E5%9B%8D%E5%92%8C%E8%BD%A9%E9%A4%A0%E9%93%BA/286327124815137
OishiBun,No number,No website
William Jumbo Bun,016-391 4412,No website
Trendy Bakery & Confectionery  时尚饼家,03-6277 7926,https://www.facebook.com/pages/Trendy-Bakery-Confectionery-?尚?家
Blueberry Bakery  蓝莓西饼屋,No number,No website
Bakery Garden  烘焙乐园,No number,No website
Secret Recipe,No number,No website
Big Apple Donuts & Coffee,No number,http://www.bigappledonuts.com/
Velocity,012-975 9474,https://www.facebook.com/VelocityMY
Milkcow,03-7726 7370,https://www.facebook.com/MilkcowMY?fref=ts
