Levain Boulangerie & Patisserie,03-2142 6611,http://www.levain.com.my
Komugi,03-2148 0369,http://www.komugi.com.my/
The Loaf,03-2145 3036,http://www.theloaf.com.my/index.php
Ficelle Boulangerie & Patisserie,03-7983 0211 ,http://www.facebook.com/FicelleBoulangeriePatisserie
Lavender Confectionery and Bakery,03-2141 6986,http://www.lavender.com.my
La Boheme,No number,No website
Big Apple Donuts & Coffee,No number,http://www.bigappledonuts.com
Big Apple Donuts & Coffee,03-9019 8236,http://www.bigappledonuts.com
Breadtalk,03-2141 6124,http://www.breadtalk.com
Lavender Confectionery and Bakery,03-2287 0866,http://www.lavender.com.my
Bread Story,03-2282 5155,http://www.breadstory.com/
Cake Sense,03-2163 5951,No website
Komugi,03-2282 1994,http://www.komugi.com.my/
Bread Story,03-9132 2155,http://www.breadstory.com/
Bread Story,03-7980 8155,http://www.breadstory.com/
KyoChon 1991,No number,http://www.kyochon.com.my/
Pasta Zanmai,No number,http://www.superpasta.com.my/
