The Loaf,03-4265 0520 
Mr. Siew Bao  烧包先生,03-9057 5255
Tous Les Jours,
RT Pastry House  雅特面包菓子工房,03-8938 2540
Baumkuchen By Komugi,
Polozai Bakery Café  菠萝仔,	03-2110 2697
TK Bakery  棠记兄弟饼家,03-2142 9958 / 03-2142 9923
Sun Moulin,03-2382 0310
De Pastry Chef,03-4141 8826
Rotiboy,03-2284 8322
Sun Moulin,
John King @ Food Republic,03-2141 6126
Delectable Treats by Su,03-2144 5157
Bread Story,03-2141 6288
King's Confectionery,012-214 4381
Youmiqi Cuisine,03-2181 3909
Texas Chicken,
