Bee's Bakery,03-6257 5399,No website
Big Apple Donuts & Coffee,No number,http://www.bigappledonuts.com
La Boheme,No number,No website
Dunkin' Donuts,No number,http://www.dunkindonuts.com.my/
Golden Oven Bakery,03-2359 161,No website
TK Bread & Tarts  棠记兄弟,03-9010 5339,No website
La Boheme,No number,No website
Pistachios Bakery,03-6259 9995,No website
Breadtalk,03-2282 6327,http://www.breadtalk.com/
De Bread,03-2694 0648,No website
My Roti Shop,03-9075 0878,http://www.myrotishop.com.my
Bee's Bakery and Cafe,03-2780 7018,http://www.lianbee.com/
Bakery Ready To Eat,No number,No website
Wonderful Cakehouse,No number,No website
Dragonfly Pastry,03-2110 3686,https://www.facebook.com/DragonflyPastry
Coffea Coffee,No number,http://www.coffea.my/
Milkcow,03-7726 7370,https://www.facebook.com/MilkcowMY?fref=ts
