Meidi-ya Fresh Bakery,No number,No website
King's Confectionery,012-622 1625,http://www.kings.com.my
King's Confectionery,012-297 8213,http://www.kings.com.my
The Bug Dessert ,012-687 1997,http://www.facebook.com/pages/The-Bug-Dessert/144939062273925
A Slice of Heaven,03-4251 7866,http://justheavenly.biz/
Tea Bread,No number,https://www.facebook.com/pages/TeaBread-SDN-BHD-Pastry-House/328014013901149
Baker's Cottage,No number,http://www.thebakerscottage.com.my/index.html
Mister Donut,No number,No website
Ficelle Boulangerie & Patisserie,No number,https://www.facebook.com/FicelleBoulangeriePatisserie
Ling's Kitchen,012-314 0355,https://www.facebook.com/linglingskitchen
The Bakery,03-4260 1606,No website
My1Cafe,019-374 6121,https://www.facebook.com/my1cafe
RT Pastry House  雅特面包菓子工房,No number,http://rtpastry.com/
Vanity Kitchen,016-321 9118,https://www.facebook.com/vanitykitchen
Wafflemeister,No number,http://www.wafflemeister.com/?pid=home
Youmiqi Cuisine,03-2181 3909,https://www.facebook.com/youmiqicuisine
Tim Ho Wan Restaurant,No number,https://www.facebook.com/TimHoWanMalaysia
