Pistachios Bakery,03-4251 1092,No website
Rotiboy,03-4131 3977,http://www.rotiboy.com
Dunkin' Donuts,03-2282 7240,http://www.dunkindonuts.com.my/
Bisgood  谷城饼栈,03-6252 2299 / 012-640 0708,No website
King's Confectionery,012-214 4360,http://www.kings.com.my
King's Confectionery,012-214 4020,http://www.kings.com.my
D Bread Station,No number,No website
Bread History,03-2141 0070,http://50100
Mercato Bakery,03-2143 0066,No website
The Roti Man Bakery,No number,No website
Tommy Le Baker,03-4043 2546/03-4050 0893,http://www.tommylebaker.com/Tommy_Le_Baker/Welcome.html
King's Confectionery,012-214 4716 ,http://www.kings.com.my
Deliciously Chocolate,018-287 8828,http://www.deliciouslychocolate.com/
Four Leaves Bakery,No number,No website
Kimki  金崎蛋糕西饼菓子工房,03-6259 3186,http://www.facebook.com/kimkibakery
Uncle Jang Korean Restaurant,No number,https://www.facebook.com/UncleJang?fref=ts
Magnum Café,No number,https://www.facebook.com/MagnumMalaysia
