Tai Zi Ta  太子垯,012-660 4616,No website
Victoria Bakery,03-4293 8677,No website
Secret Recipe,03-4278 4348,http://www.secretrecipe.com.my/
Ovenrun,016-2762811,http://www.facebook.com/pages/OvenRun/138922096035?ref=ts&fref=ts
Golden Oven Bakery,No number,No website
The Roti Man Bakery,03-9010 3790,No website
Australian Confectionery,03-2142 1759,http://australian-bakery.blogspot.com/
Lee Lee’s Sumptuous Desserts,No number,No website
Cupcake Chic,03-2145 5593,http://www.cupcakechic.com.my/new/
RT Pastry House  雅特面包菓子工房,03-8938 2541,http://www.rtpastry.com/
BlueSkies Bakery,017-885 7855,https://www.facebook.com/BlueSkiesBakery
The Mandarin Cake Shop ,03-2179 8846 ,http://www.mandarinoriental.com/kualalumpur/dining/cake_shop/ 
Dunkin' Donuts,No number,No website
La Boheme,No number,No website
Pistachios Bakery,03-4024 4969,http://www.pistachiosbkr.com
Uncle Jang Korean Restaurant,No number,https://www.facebook.com/UncleJang?fref=ts
La Juiceria,No number,http://lajuiceria.com.my/wp/
