Belle Pies & Pate,016-340 5961,http://www.facebook.com/BellePiesNPate
Tong Wah Confectionery  东华饼家,03-2273 6278,No website
Cookie Box,019-327 7338,http://www.cookieboxmy.blogspot.com
King's Confectionery,012-214 4041,http://www.kings.com.my
Bread Stick,No number,No website
Ceri Indah,No number,No website
Bakery Garden Cake House  烘焙乐园,03-7983 1163,No website
Kedai Biskut Seven & Heaven  七味堂,03-7981 7353,https://www.facebook.com/pages/%E4%B8%83%E5%91%B3%E5%A0%82%E7%A6%AE%E5%9D%8A%E9%A5%BC%E5%AE%B6/133569529995735
King's Confectionery,012-214 4719,http://www.kings.com.my
Origene Bakery,03-9130 0578,http://www.facebook.com/OrganicBaker
Peach Delight Cake House,03-9172 8807,No website
Mon Kee Confectionery @ Restoran Kam Hei  满记饼家 @ 金喜茶餐室,03-9226 0144,http://www.monkee.com.my/home-c.htm
King's Confectionery,No number,http://www.kings.com.my
Sedap D Sayang Cake & Bakery,No number,No website
The Baker's Cottage,03-8945 3826,http://www.thebakerscottage.com.my/index.html
Marvellous Egg Co.,No number,https://www.facebook.com/marvellouseggco
Youmiqi Cuisine,03-2181 3909,https://www.facebook.com/youmiqicuisine
