King's Confectionery,012-214 4302,http://www.kings.com.my
King's Confectionery,012-214 4336 ,http://www.kings.com.my
King's Confectionery,012-214 4393 ,http://www.kings.com.my
King's Confectionery  京都,012-214 4387,http://www.kings.com.my
King's Confectionery,012-214 4709 ,http://www.kings.com.my
King's Confectionery,012-214 4796 ,http://www.kings.com.my
King's Confectionery,012-279 8255,http://www.kings.com.my
King's Confectionery,012-214 4402 ,http://www.kings.com.my
Big Apple Donuts & Coffee,03-2144 4333,http://www.bigappledonuts.com
Ice Town Bakery  冰城の糕点坊,03-6242 1388 / 019 –337 5226,http://www.openrice.com/miketian
The Bake Shop ,03-7987 6997 / 012-637 9033  ,No website
King's Confectionery,014-214 4067,http://www.kings.com.my
Sugarcraft Baking & Culinary Academy,03-9058 7910 / 03-9058 6292,http://www.sugarcraft.edu.my
My Java Bakery,No number,No website
King's Confectionery,No number,http://www.kings.com.my
Velocity,012-975 9474,https://www.facebook.com/VelocityMY
Youmiqi Cuisine,03-2181 3909,https://www.facebook.com/youmiqicuisine
