Opps Cheese Tart,017-882 2381,http://www.facebook.com/oppscheesetart
Rotiboy,03-2181 1268,No website
Mr. Bread  麦师父面包叶子工房,03-4149 9932 ,No website
D Little Pastries,No number,No website
The Loaf,03-2181 8991,http://www.theloaf.com.my/index.php
Durian Lagenda,03-6276 8036,https://www.facebook.com/pages/Durian-Lagenda/183604395183426
The Loaf,03 2602 0931,http://www.theloaf.com.my/index.php
Nagoya Pastry,011-1259 7993,https://www.facebook.com/pages/Nagoya-Pastry/475332735873627
Fai Fong Gifts & Bakery  惠芳佳品,03-6252 2292,http://www.faifong.com.my/
Sweet Touches,03-2162 9400,No website
Freemori  浮力森林,No number,https://www.facebook.com/pages/Freemori-Malaysia/328950710539069
Butter Olive Wholesome Pastry House,03-9054 7836,No website
De Bread,03-2162 1316,No website
Krozant Bakery,No number,https://www.facebook.com/KrozantBakery/
The Loaf,03-2276 5991,http://www.theloaf.com.my/index.php
Coffea Coffee,No number,http://www.coffea.my/
Youmiqi Cuisine,03-2181 3909,https://www.facebook.com/youmiqicuisine
