Big Apple Donuts & Coffee,03-9019 8236,http://www.bigappledonuts.com
Cake Sense,No number,No website
Bread Story,017-341 2226,http://www.breadstory.com/
Pistachios Bakery,03-4024 9962 / 03-6185 1028 ,http://www.pistachiobkr.com
Pistachios Bakery,03-4148 1839,No website
The Baker's Cottage,03-7980 8212,http://www.thebakerscottage.com.my/index.html
Sweetly  甜甜屋面包店,No number,No website
Marbles Bread Express,03-2276 1708,http://www.facebook.com/MarblesBread
Big Apple Donuts & Coffee,No number,http://www.bigappledonuts.com
Humble Beginnings @ Signatures Food Court,No number,http://humblebeginnings.com.my/
That Last Slice,017-299 2891,http://thatlastslice.blogspot.com/
Quality Confectionery ,03-6251 3778 / 03-6257 8669/ 012-225 7518,No website
San Terri Cottage,016-227 6429,http://www.santerri.com
King's Confectionery,012-214 4377,http://www.kings.com.my
Rotiboy,03-9134 5278,http://www.rotiboy.com/
KyoChon 1991,No number,http://www.kyochon.com.my/
Texas Chicken,No number,http://www.texaschickenmalaysia.com/
