Freemori  浮力森林,03-7982 0602,http://www.freemori.com/my/
Bread Story,03-2141 6288,http://www.breadstory.com/
Amelio,03-6280 7212,No website
La Boheme,No number,No website
Tong Kee Bread & Tarts  棠记兄弟饼家,03-9057 9926,No website
Bread Delicious,03-2788 0914,http://www.facebook.com/breaddelicious
RT Pastry House  雅特面包菓子工房,03-7981 9106,http://www.rtpastry.com/
Bread Story,03-9132 2155,http://www.breadstory.com/
Breadties,03-4105 4651,http://www.bread-ties.com/index.php
Big Apple Donuts & Coffee,03-21417761,http://www.bigappledonuts.com
Fragrant Bread  乐烘培西菓店,03-6277 2828,No website
Kafe Happy Meal  开心小食店,03-2072 6080 / 012-393 3593,No website
Big Apple Donuts & Coffee,03-9019 8236,http://www.bigappledonuts.com
A Slice of Heaven,03-2141 5150,http://www.justheavenly.biz
Tong Kee Bread & Tarts  棠记兄弟饼家,03-9101 3803,No website
KyoChon 1991,No number,http://www.kyochon.com.my/
Tim Ho Wan Restaurant,No number,https://www.facebook.com/TimHoWanMalaysia
