King's Confectionery,012-214 4719,http://www.kings.com.my
King's Confectionery,012-214 4041,http://www.kings.com.my
Origene Bakery,03-9130 0578,http://www.facebook.com/OrganicBaker
Xi He Xuan Bakery,012-388 4885,https://www.facebook.com/pages/%E5%9B%8D%E5%92%8C%E8%BD%A9%E9%A4%A0%E9%93%BA/286327124815137
PH Pastry House,03-2141 2208,https://www.facebook.com/pastryhousekl
OishiBun,No number,No website
Peach Delight Cake House,03-9172 8807,No website
Blueberry Bakery  蓝莓西饼屋,No number,No website
The Mandarin Cake Shop@Mandarin Oriental Hotel,03-2179 8846,http://www.mandarinoriental.com/kualalumpur
Bakery Garden  烘焙乐园,No number,No website
Secret Recipe,No number,No website
PastryVille,No number,https://www.facebook.com/PastryvilleInt
Kim's Bakery & Confectionery,03-6259 3186,No website
Mr. Chizu,No number,http://www.mrchizu.com
Tong Kee Trendy Bakery & Confectionary,03-6277 7926,No website
Texas Chicken,No number,http://www.texaschickenmalaysia.com/
Tangkak Beef Noodles,03-9133 9912,https://www.facebook.com/tangkakbeefnoodle
