Minang Cake House & Bakery  明廊西糕面包屋,No number,No website
King's Confectionary,No number,No website
Bonjour Garden,No number,No website
Victoria Bakery,No number,No website
Kedai Roti Foo Chow  福州贸易面包厂,No number,No website
Kedai Kek Fragrant  乐烘焙西果店,No number,No website
Sweetly Cake House  甜甜屋西菓店,03-6277 6213,No website
Sean Bakery  Pasar Prima Setapak,013-3098 899,No website
Coyico Confectionery,03-9283 6526,No website
Mun Kee @ CK Kopitiam Corner  满记 @ 新初记美食中心,No number,No website
KyoChon 1991,No number,http://www.kyochon.com.my/
Uncle Jang Korean Restaurant,No number,https://www.facebook.com/UncleJang?fref=ts
