Mon Kee Confectionery  满记传统式饼家,"03-9222 0229, 016-3823 776 ",http://www.monkee.com.my/about.htm
Big Apple Donuts & Coffee,No number,http://www.bigappledonuts.com
Pappa Roti,03-4131 9060,http://www.papparoti.com.my/about_cross.php
San Terri @ Cottage,016-227 6430,http://www.santerri.com
Biscotte Breads & Pastries,03-9285 0988,http://www.biscotte.com.my/
Kedai Kek Swiss Charm Pastry,No number,No website
Bakin Boys,03-2070 1600 ,http://www.bakinboys.com.my
DeliBites Bakery,No number,http://delibites-bakery.blogspot.com/
Sweet Delica,No number,No website
Lemon Gold Bakery,No number,No website
Bakeri Ria,03-4107 6057,No website
Mamma Roti,No number,No website
Kedai Cake First Choice  新花旗西果屋,No number,No website
Roti & Kek,No number,No website
Kedai Kek New Southern  新南方西式饼店,No number,No website
Tangkak Beef Noodles,03-9133 9912,https://www.facebook.com/tangkakbeefnoodle
Coffea Coffee,No number,http://www.coffea.my/
