J.Co Donuts,No number,No website
New Southern  新南方西式饼店,03-9100 5118,No website
Fruity Bakery & Café,No number,No website
Gloria Chocolat Patisserie,No number,No website
MaxValu,No number,No website
Ode2 Juice,No number,No website
XQ Roti Dan Kek,03-9282 1904,No website
Kim Ming Cake House,No number,No website
King's Confectionery  京都,No number,No website
Berry's Cake House  西饼店,No number,No website
Berry's Cake House,No number,No website
La Boheme,No number,No website
Kedai Kek Perniagaan Tiam Keng,No number,No website
Kee Fong Cake Shop,No number,No website
Big Apple Donuts & Coffee,No number,No website
Carl's Jr.,No number,https://www.facebook.com/CJrMalaysia
Velocity,012-975 9474,https://www.facebook.com/VelocityMY
