Rama V,03-2143 2663,http://www.ramav.com.my/
Enak KL,03-2141 8973,http://www.enakkl.com
Reminisce Café  舊相好,03-2201 8168,http://www.facebook.com/Reminiscecafe
U-Village Restaurant  又一村香港茶餐厅,03-2148 9686,https://www.facebook.com/pages/U-Village-Restaurant/124777750943669
Onde Onde,03-6280 7419 / 012-3616713,No website
Hadramawt,03-4256 0678,http://www.hadramawt.com.my/
The Palazzo,03-9134 2783,http://www.facebook.com/thepalazzokl
Impromptu,03-2141 0227,http://www.facebook.com/impromptu.cafe
Melur & Thyme,03-2181 8001,http://www.melurandthyme.com/
Speedy Pizza,019-229 1315 / 010-707 5000 / 016-601 1315,https://www.facebook.com/pages/Speedy-Pizza-Ampang/161707400546440
New Restaurant Ipoh Chicken Rice  新怡保鸡饭店,03-2282 7159,http://1977ipohchickenrice.com/
Tong's Roast Workshop  烧腊工坊,03-9222 2218,http://www.facebook.com/pages/Tongs-Roast-Workshop/146008618760601
Shiawase Bento Restaurant,03-4021 4389,http://www.shiawasemalaysia.yolasite.com
Kelantan Delights,03-2785 1945,http://www.kelantandelights.com/
Wadi Hadramawt,03-4253 3333,http://wadihadramawt.pvrada.com
Milkcow,03-7726 7370,https://www.facebook.com/MilkcowMY?fref=ts
Uncle Jang Korean Restaurant,No number,https://www.facebook.com/UncleJang?fref=ts
