Kenny Rogers Roasters,03-2163 5596 / 1-300-888-878,http://www.krr.com.my/
RasaMas,019-3513 749,http://www.rasamas.com.my/index.html
Pine 3,03-4044 8018 / 012-678 7238,http://www.pine3.my/
Restoran New High Lite Seafood  新高园海鲜火锅饭店,019-214 1377,http://www.facebook.com/pages/new-high-lite-seafood-restaurant/190686150988113
Seri Melayu Restaurant,03-2145 1833 / 03-2145 1811,http://www.serimelayu.com/
Kenny Rogers Roasters,03-9200 2069,http://www.krr.com.my/
My Favourite Restaurant  佰味饭店,03-6259 5479,http://www.facebook.com/restoranmyfavourite
RasaMas,019-351 3967,http://www.rasamas.com.my/index.html
Kenny Rogers Roasters,03-9074 2282,http://www.krr.com.my/
De Chennai Cafe,010-900 5699,http://www.facebook.com/dechennaicafe
Restaurant Nagas,03-2273 7475,http://www.nagas.com.my/
Octopus Japanese Restaurant,03-7987 6968 / 016-381 1936,https://www.facebook.com/pages/Octopus-Japanese-Restaurant-%E6%97%A5%E6%9C%AC%E6%96%99%E7%90%86/155944304474691
HWX Authentic HK Roast & Steamboat Restaurant  回味香,03-6179 5167,https://www.facebook.com/huiweixiang
Foodlogy,03-4050 4636,No website
Taj Garden,03-2260 6489,https://www.facebook.com/TajGarden
Velocity,012-975 9474,https://www.facebook.com/VelocityMY
KyoChon 1991,No number,http://www.kyochon.com.my/
