八方雲集,0229388637 ,No website
必勝客  Pizza Hut,0223256630 ,No website
北方大陸餅,0229319133 ,No website
滇味廚房,0229384788 ,No website
廣奇來西點麵包,No number,No website
小魚餅乾,0229275628 ,No website
傳生茶園,0229282585 ,No website
萬香烤鴨莊,0225868222 ,No website
八方雲集,0225928997 ,No website
八方雲集,0227123169 ,No website
馬可先生麵包坊  Mr. Mark,0225993835 ,No website
皇家比薩,0228331505 ,No website
順成蛋糕天母忠誠,0228769192 ,No website
八方雲集,0228332588 ,No website
福元胡椒餅,No number,No website
金色三麥,0227827000,http://www.lebledor.com/index.php
2gether,0227716112,No website
鳥哲 燒物專門店,0228310166,No website
奧莉維亞親子主題餐館,0221812345,No website
