中華一餅,0225772005,No website
八方雲集,0223712803 ,No website
一斗米,0227617621 0227616322,No website
Boulangerie Le Gout,0227422058,No website
老哥水煎包 ,No number,No website
提拉米蘇,0223256578,No website
中華一餅,0226574311,No website
八方雲集,0227971619 ,No website
阿益水煎包,0917646353 ,No website
晴光紅豆餅,0228238757 ,No website
老潘酥烤蔥仔餅,0228233944 ,No website
八方雲集,0228970785 ,No website
必勝客  Pizza Hut,0228366877 ,No website
必勝客  Pizza Hut,0223141323,No website
八方雲集,0225717753,No website
金色三麥,0227827000,http://www.lebledor.com/index.php
2gether,0227716112,No website
古都茶屋,No number,No website
BEARD PAPA'S 日式泡芙工房,No number,No website
