八方雲集,0227633516,No website
八方雲集,0227038990,No website
八方雲集,0227059140,No website
八方雲集,0225023295,No website
八方雲集,0223510810,No website
八方雲集,0225951781,No website
清玉人文茶飲  KING TEA,0227685988,No website
嚐鱻,0225958504,No website
米食  Rice Kitchen,0225331215,No website
必勝客  Pizza Hut,0227829889,No website
必勝客  Pizza Hut,0223069889,No website
馬修嚴選,0228742866,No website
中島水產,0223759488分機503 ,No website
阿嘉漢堡專賣店  AGA Burger,0223113551,No website
熊巴土司  Bear Hit Toast,0227369046,No website
2gether,0227716112,No website
金色三麥,0227827000,http://www.lebledor.com/index.php
烤香咖啡 OVEN COFFEE,0223253057,No website
米大師,0221812345,No website
