八方雲集,0229378088 ,No website
八方雲集,0227605692 ,No website
八方雲集,0227197011 ,No website
萬大碳烤燒餅店,0223366063,No website
必勝客  Pizza Hut,0223325753,No website
黑田莉子牛肉乾,0225552058,No website
八方雲集,0227174868,No website
兄弟大飯店-壽司飯丸專賣店  Sushi Riceball Specialty Store,0227123456,No website
蜜蜂咖啡,0227732072 ,No website
八方雲集,0229356665 ,No website
八方雲集,0227584920 ,No website
八方雲集,0287870541 ,No website
八方雲集,0227265886 ,No website
必勝客  Pizza Hut,0223460777 ,No website
八方雲集,No number,No website
2gether,0227716112,No website
金色三麥,0227827000,http://www.lebledor.com/index.php
奇義日味義大利麵,0227228458,No website
京炙鐵板燒,0287129712,No website
