吳寶春麥方店,0266365888,No website
德克士  dicos,0281018136,No website
野上麵包,0228326308,No website
八方雲集,0228350022 ,No website
八方雲集,0227381805 ,No website
趣捲  FunRoll,0223623344 ,No website
珠寶盒法式點心坊  boîte de bijou,0233222461,No website
八方雲集,0287732559 ,No website
紅館,0223621905 ,No website
珍煮丹黑糖飲品專賣店,0228815238,No website
八方雲集,No number,No website
金賓滷味,0227029776 ,No website
紐芝蘭樂活冰淇淋概念店  New Zealand Natural,0227253777,No website
常春藤新鮮果汁,0227236732,No website
必勝客  Pizza Hut,0223678267 ,No website
金色三麥,0227827000,http://www.lebledor.com/index.php
2gether,0227716112,No website
添好運,No number,No website
愛爾蘭瘋薯,0221812345,No website
