珍煮丹黑糖飲品專賣店,0228815238,No website
金賓滷味,0227029776 ,No website
八方雲集,0227381805 ,No website
趣捲  FunRoll,0223623344 ,No website
珠寶盒法式點心坊  boîte de bijou,0233222461,No website
德克士  dicos,0281018136,No website
享鮮 SUSHI,No number,No website
爭鮮外帶,No number,No website
蒜香無骨炸雞,0926286877 ,No website
必勝客  Pizza Hut,0227856287,No website
劉媽媽餅舖,No number,No website
吉家槓子頭,No number,No website
快樂塩酥雞  Happy Taiwan Chicken,0227099966,No website
不老客家傳統麻糬,0987529318,No website
山崴烘焙  Boulangerie Shan Wei,0222305827,No website
2gether,0227716112,No website
金色三麥,0227827000,http://www.lebledor.com/index.php
象園咖啡,0227926080,No website
一五一食時尚鮮鍋,0227372732,No website
