享樂咖啡  Felice Cafe,0227009566,No website
阿華涼糕,0227119287 ,No website
沙拉教父  Father of Salad,0227587750,No website
英國藍英式紅茶專賣店  England Stronaway,0228217856,No website
中華一餅,0222781531,No website
豪記便當大王,0228917577,No website
白鬍子鮮奶霜淇淋專賣店  Milk Beard,0225595001,No website
大安美食,0223258134,No website
LALOS Bakery,0227555968,No website
八方雲集,0225772938 ,No website
真福記烤鴨莊,0227611152 ,No website
必勝客  Pizza Hut,0227488900 ,No website
中華一餅,0225772005,No website
Boulangerie Le Gout,0227422058,No website
老哥水煎包 ,No number,No website
金色三麥,0227827000,http://www.lebledor.com/index.php
2gether,0227716112,No website
隨意鳥地方,0281018268,No website
三文本場日本咖哩麵包,0227425236,No website
