快樂地果汁吧  Happy Inn Juice Bar,No number,No website
不一樣饅頭,0223917829 ,No website
SOMA特調飲品,0227726602,No website
牛奶卡拉棒,0227117222 ,No website
Omelet蛋餅捲專賣店,0925002320,No website
JOHAN,0287883507,No website
泰山包子,0227384938 ,No website
都教授韓國炸雞,0225636886,No website
紐芝蘭樂活冰淇淋概念店  New Zealand Natural,0227253777,No website
八方雲集,0229372250,No website
八方雲集,0223825658,No website
八方雲集,0227932190,No website
八方雲集,0287327996,No website
八方雲集,0227892479,No website
八方雲集,0225329488,No website
2gether,0227716112,No website
金色三麥,0227827000,http://www.lebledor.com/index.php
遇月全,0227455959,No website
添好運,No number,No website
