一○八抹茶茶廊,No number,No website
道爾吉手作麵包街,0287800838,No website
海山果菜,No number,No website
快樂地果汁吧  Happy Inn Juice Bar,0281017823,No website
快樂地果汁吧  Happy Inn Juice Bar,0921262180,No website
快樂地果汁吧  Happy Inn Juice Bar,0975203082,No website
費太太,0223824889,No website
費太太,0223148255,No website
費太太,0225231426,No website
瓦比薩  WaPizza,0287728774,No website
金仙便當之家,0227043768,No website
八方雲集,0228115828,No website
八方雲集,0228376198,No website
清玉人文茶飲  KING TEA,0227056688,No website
清玉人文茶飲  KING TEA,0227752020,No website
2gether,0227716112,No website
金色三麥,0227827000,http://www.lebledor.com/index.php
達客魷魚&葡兒飛冰淇淋,0221812345,No website
大師兄麻辣鍋物,0227723822,No website
