清玉人文茶飲  KING TEA,0225091003,No website
清玉人文茶飲  KING TEA,0223641599,No website
清玉人文茶飲  KING TEA,0226271359,No website
必勝客  Pizza Hut,0223221688,No website
必勝客  Pizza Hut,0226274600,No website
必勝客  Pizza Hut,0222343999,No website
魏姐包心粉圓,0225782800,No website
日多寶北海道千層蛋糕,0227228663,No website
常春藤新鮮果汁,0227236732,No website
必勝客  Pizza Hut,0223678267 ,No website
蛋塔工場  Egg Tart Workshop,0288113080,No website
蛋塔工場  Egg Tart Workshop,0228261000,No website
Biteology 咬學問,No number,No website
七里香國際食品,0269026681,No website
中華一餅,No number,No website
金色三麥,0227827000,http://www.lebledor.com/index.php
2gether,0227716112,No website
北無雙拉麵店,No number,No website
日本伝統藁焼 炭焼 天晴,0225417771,No website
