八方雲集,0223627338 ,No website
八方雲集,0229366978 ,No website
八方雲集,0229328389 ,No website
必勝客  Pizza Hut,0229357966,No website
八方雲集,No number,No website
提拉米蘇  TIRAMISU,0225586758 ,No website
八方雲集,0223570429 ,No website
八方雲集,0227265886 ,No website
必勝客  Pizza Hut,0223460777 ,No website
八方雲集,0223884089 ,No website
八方雲集,0225222116 ,No website
八方雲集,0225172879 ,No website
必勝客  Pizza Hut,0241298896 ,No website
鳳梨田,0227037073 ,No website
蛋塔工場  Egg Tart Workshop,0227281190,No website
2gether,0227716112,No website
金色三麥,0227827000,http://www.lebledor.com/index.php
麗緻坊,No number,No website
大安森林食堂,0227550997,No website
