八方雲集,0229337837 ,No website
八方雲集,0227941071,No website
八方雲集,0228213838,No website
順成蛋糕天母忠誠,0228769192 ,No website
福元胡椒餅,No number,No website
八方雲集,0227683990 ,No website
八方雲集,0227136596 ,No website
必勝客  Pizza Hut,0227698146 ,No website
大塊雞排,0228385700,No website
必勝客  Pizza Hut,0223256630 ,No website
八方雲集,0227197011 ,No website
兄弟飯店 壽司飯丸專門店,0227123456 ,No website
順成蛋糕  Shun Chen Bakery,0228810581 ,No website
必勝客  Pizza Hut,0228839150 ,No website
八方雲集,0229362370 ,No website
金色三麥,0227827000,http://www.lebledor.com/index.php
2gether,0227716112,No website
鳥哲 燒物專門店,0228310166,No website
奧莉維亞親子主題餐館,0221812345,No website
