Gloria Jean's Coffees,No number,http://www.gloriajeanscoffees.com/MY/home.aspx
ROYCE',03-2382 7777,http://www.royce.com.my/
Easy Drink Easy Go  轻松饮,013-328 1393,http://www.facebook.com/pages/Easy-Drink-Easy-Go-West-Malaysia/271258292925875
Australian Confectionery,03-2142 1759,http://australian-bakery.blogspot.com/
Taiyang  太阳,03-7980 6616 / 016-209 7107,No website
Pearl Discovery  珍珠港－茶,03-7983 6584 / 016-710 9931,http://www.facebook.com/pearldiscoverymalaysia?sk=wall
McDonald's,03-9543 0900 / 1300-131-300,http://www.mcdonalds.com.my/
Meals Station,012-345 6852,http://mealsstation.com.my/index.html
Kabul Restaurant,03-2785 1932,http://www.kabul.com.my/
Kenny Rogers Roasters,03-4044 1411 / 1-300-888-878,http://www.krr.com.my/
Kenny Rogers Roasters,03-4257 5652 / 1-300-888-878,http://www.krr.com.my/
RasaMas,03-2284 1406,http://www.rasamas.com.my/index.html
Domino's,1300-88-8333,http://www.dominos.com.my
Kenny Rogers Roasters,03-9132 7633 / 1-300-888-878,http://www.krr.com.my/
Kenny Rogers Roasters,03-2144 1409,http://www.krr.com.my/
Youmiqi Cuisine,03-2181 3909,https://www.facebook.com/youmiqicuisine
Carl's Jr.,No number,https://www.facebook.com/CJrMalaysia
