La Rambla,03-2161 3010 / 03-2713 1221,http://www.la-rambla-cafe.com/
Deliciously Chocolate,018-287 8828,http://www.deliciouslychocolate.com/
Mughle Azam,03-2166 1022,http://mughalkings.com/
Hong Bee Fine Nyonya Cuisine  丰美,03-6251 2525,http://www.facebook.com/pages/Hong-Bee-Fine-Nyonya-Cuisine/338041876229082
Yellow Cab Pizza,03-2772 7213,http://www.yellowcabpizza.com.my/
Las Vacas,03-2161 5867 / 03-2181 5586,http://www.lasvacasmeat.com/
Kenny Rogers Roasters,03-4142 1155,http://www.krr.com.my/
Gloria Jean's Coffees,03-2272 1684,http://www.gloriajeanscoffees.com/MY/home.aspx
Kenny Rogers Roasters,03-4142 8699,http://www.krr.com.my/
Bombay Palace,03-2145 4241 / 03-2145 7220,http://www.bombaypalacerestaurantkl.com/
Arate Lifestyle Café,018-314 4718,https://www.facebook.com/aratelifestyle.my
Domino's,1300-88-8333,http://www.dominos.com.my
D La Vie Café & Restaurant ,03-9131 9447 / 03-9131 6446,No website
Restoran Al Salam,03-4131 9099 / 016-676 6646,https://www.facebook.com/AlSalamRestaurantKL
Local Recipe Kopitiam,03-9236 1159,http://www.facebook.com/pages/Local-Recipe-Kopitiam/188490191197231
Tangkak Beef Noodles,03-9133 9912,https://www.facebook.com/tangkakbeefnoodle
Tim Ho Wan Restaurant,No number,https://www.facebook.com/TimHoWanMalaysia
