Ochado,03-9054 5512,http://www.facebook.com/OchadoMalaysia
Domino's,1300-88 8333,http://www.dominos.com.my
Espressamente Illy,03-2141 0028,http://www.espressamenteilly.com.my/
Ochado,03-2201 1683,http://www.facebook.com/OchadoMalaysia
Impromptu,03-2141 0227,http://www.facebook.com/impromptu.cafe
Melur & Thyme,03-2181 8001,http://www.melurandthyme.com/
Domino's,1300-888-333,http://www.dominos.com.my
Gloria Jean's Coffees,03-2181 2101,http://www.gloriajeanscoffees.com/MY/home.aspx
Domino's,1300-888-333,http://www.dominos.com.my
Speedy Pizza,019-229 1315 / 010-707 5000 / 016-601 1315,https://www.facebook.com/pages/Speedy-Pizza-Ampang/161707400546440
Ochado,03-4131 7688,http://www.facebook.com/OchadoMalaysia
Papa John's,03-7980 2722,http://www.papajohns.com.my/
Domino's,1300-888-333,http://www.dominos.com.my
New Restaurant Ipoh Chicken Rice  新怡保鸡饭店,03-2282 7159,http://1977ipohchickenrice.com/
The Sultani,03-4251 7360,http://www.sultani.com.my/
Magnum Café,No number,https://www.facebook.com/MagnumMalaysia
Coffea Coffee,No number,http://www.coffea.my/
