Tong's Roast Workshop  烧腊工坊,03-9222 2218,http://www.facebook.com/pages/Tongs-Roast-Workshop/146008618760601
Papa John's,03-2141 7272 / 1-300-88-7272,http://www.papajohns.com.my/
Tong Sui @ Pasar Malam Sri Petaling ,No number,No website
Shiawase Bento Restaurant,03-4021 4389,http://www.shiawasemalaysia.yolasite.com
Kelantan Delights,03-2785 1945,http://www.kelantandelights.com/
Pastamania,03-2141 8252,http://www.pastamania.com
Wadi Hadramawt,03-4253 3333,http://wadihadramawt.pvrada.com
Gloria Jean's Coffees,03-2282 2680,http://www.gloriajeanscoffees.com/MY/home.aspx
Kenny Rogers Roasters,03-2163 5596 / 1-300-888-878,http://www.krr.com.my/
Sweet Touches,03-2162 9400,No website
RasaMas,019-3513 749,http://www.rasamas.com.my/index.html
La Cucur,03-2279 8718,No website
Marbles Bread Express,03-2276 1708,http://www.facebook.com/MarblesBread
Kenny Rogers Roasters,03-9074 2282,http://www.krr.com.my/
Pampas Grill & Bar,03-2148 5548,http://www.pampas.com.my/
Tangkak Beef Noodles,03-9133 9912,https://www.facebook.com/tangkakbeefnoodle
Tim Ho Wan Restaurant,No number,https://www.facebook.com/TimHoWanMalaysia
