House of Croissant,03-9054 4866 / 017-329 9517,http://www.houseofcroissant.com.my/
Papa John's,03-4131 9233 / 1-300-88-7272,http://www.papajohns.com.my/
Pine 3,03-4044 8018 / 012-678 7238,http://www.pine3.my/
Restoran New High Lite Seafood  新高园海鲜火锅饭店,019-214 1377,http://www.facebook.com/pages/new-high-lite-seafood-restaurant/190686150988113
Vespa Pizza,03-2162 4333 ,http://www.facebook.com/vespapizzamalaysia
Restaurant Nagas,03-2273 7475,http://www.nagas.com.my/
Ochado,012-201 0200,http://www.facebook.com/OchadoMalaysia
ROYCE',03-2201 5877,http://www.royce.com.my/
Octopus Japanese Restaurant,03-7987 6968 / 016-381 1936,https://www.facebook.com/pages/Octopus-Japanese-Restaurant-%E6%97%A5%E6%9C%AC%E6%96%99%E7%90%86/155944304474691
HWX Authentic HK Roast & Steamboat Restaurant  回味香,03-6179 5167,https://www.facebook.com/huiweixiang
Foodlogy,03-4050 4636,No website
Taj Garden,03-2260 6489,https://www.facebook.com/TajGarden
Gastronomy Inc,03-8953 0318,https://www.facebook.com/pages/Gastronomy-Inc/807235819292498?hc_location=timeline
AVA Bistro,03-2181 1122,http://www.avabistro.com/
Peter's Pan Cafe,03-2161 3833,http://www.peterspancafe.com
Tangkak Beef Noodles,03-9133 9912,https://www.facebook.com/tangkakbeefnoodle
Milkcow,03-7726 7370,https://www.facebook.com/MilkcowMY?fref=ts
