Yipin Restaurant  一品,03-2381 1998,https://www.facebook.com/yipin.imbi
Jalan Ipoh Teppan Pau,010-366 6248,No website
Chilli Espresso,03-2785 1938    ,http://www.isthmuski.com
Snowflakes,No number,https://www.facebook.com/snowflakescafe
Peranakan Place,019-609 0566,http://www.peranakan.com.my/
B.Bap,03-2856 9719,https://www.facebook.com/B.bap.my
Chez Lèoniel,019-723 2112,http://www.leoniel.org/
Domino's,1300-88 8333,http://www.dominos.com.my
Kenny Rogers Roasters,03-9080 1954 / 1-300-888-878,http://www.krr.com.my/
Pizzat Hut Delivery,1-300-82-2020,http://www.phd.com.my/
Luminous Restaurant & Bar,03-2144 4422 / 010-390 9047,http://www.facebook.com/luminousafricanclub
Leo Garden Café,03-4043 5555,http://www.leopalace.com.my/facilities.php
BBQ Nights,03-2719 5569,http://www.bbqnights.com/
Pacific Coffee Company  太平洋咖啡,03-9221 0623,http://www.pacificcoffee.com/eng/index.php
Domino's,1300-88-8333,http://www.dominos.com.my
Coffea Coffee,No number,http://www.coffea.my/
Moonlight Cake House,016-733 1222,https://www.facebook.com/pages/moonlight-cake-house/211583785762
