Ochado,012-201 0200,http://www.facebook.com/OchadoMalaysia
ROYCE',03-2201 5877,http://www.royce.com.my/
House of Croissant,03-9054 4866 / 017-329 9517,http://www.houseofcroissant.com.my/
Ucha  优茶,03-6262 2553 /016-992 1163 / 03-6274 6464,http://www.ucha.com.my/
Papa John's,03-4131 9233 / 1-300-88-7272,http://www.papajohns.com.my/
Olive Sentral,03-2785 1988,http://www.facebook.com/OliveSentral
Gloria Jean's Coffees,03-2260 7757,http://www.gloriajeanscoffees.com/MY/home.aspx
Seri Melayu Restaurant,03-2145 1833 / 03-2145 1811,http://www.serimelayu.com/
The Spread All Day Dining Restaurant  ,03-2268 1123 ,http://www.gardenshtlres.com/dining.html 
Living Food Bistro & Cafe,03-2181 2778 / 016-888 9123,http://www.livingfoodmy.com/
Shazana Pau Shop & Café,010-434 3634 / 012-944 2495,http://www.facebook.com/pages/SHAZANA-PAU-SHOP-CAFE/112539009900
The Food Store,03-2172 7272,http://doubletree1.hilton.com/en_US/dt/hotel/KULDTDI-DoubleTree-by-Hilton-Hotel-Kuala-Lumpur/dining.do#4 
La Cucur,03-2279 8718,No website
Kenny Rogers Roasters,03-9200 2069,http://www.krr.com.my/
My Favourite Restaurant  佰味饭店,03-6259 5479,http://www.facebook.com/restoranmyfavourite
Carl's Jr.,No number,https://www.facebook.com/CJrMalaysia
KyoChon 1991,No number,http://www.kyochon.com.my/
