Luminous Restaurant & Bar,03-2144 4422 / 010-390 9047,http://www.facebook.com/luminousafricanclub
Eastern Hut Restaurant & Cafe,03-2144 7475,http://www.easternhut.com.my/#/teaser-welcome
Leo Garden Café,03-4043 5555,http://www.leopalace.com.my/facilities.php
Gloria Jean's Coffees,03-2166 5299,http://www.gloriajeanscoffees.com/MY/home.aspx
Pizza Hut Delivery,1300-82-2020,No website
Restoran Al Salam,03-4131 9099 / 016-676 6646,https://www.facebook.com/AlSalamRestaurantKL
D La Vie Café & Restaurant ,03-9131 9447 / 03-9131 6446,No website
Domino's,1300-88-8333,http://www.dominos.com.my
BBQ Nights,03-2719 5569,http://www.bbqnights.com/
Pacific Coffee Company  太平洋咖啡,03-9221 0623,http://www.pacificcoffee.com/eng/index.php
Domino's,No number,http://www.dominos.com.my
Domino's,No number,http://www.dominos.com.my
Domino's,No number,http://www.dominos.com.my
Kenny Rogers Roasters,03-2274 6011,http://www.krr.com.my/
Kenny Rogers Roasters,03-2026 1626,http://www.krr.com.my/
Milkcow,03-7726 7370,https://www.facebook.com/MilkcowMY?fref=ts
Youmiqi Cuisine,03-2181 3909,https://www.facebook.com/youmiqicuisine
