Zam Zam Restaurant,03-2692 7272 / 012-900 6197,http://www.zamzamrestaurant.com.my/
Thirsty Monkeys Cafe &Bistro;,03-7972 8968,https://www.facebook.com/pages/Thirsty-Monkeys-Cafe-Bistro/643040129099376
Kim Ming Cake House,No number,No website
Domino's,1-300-888-333,http://www.dominos.com.my
Kozet Cafe,03-2026 3388,http://www.kozetcafe.com/
De Ja Vu Restaurant,03-4253 2101,http://www.dejavukl.com/
Panettone Restaurant,03-2279 8733,http://www.facebook.com/pages/Panettone-Restaurant-KL-Malaysia/206367166060564
Gloria Jean's Coffees,03-2142 9680 ,http://www.gloriajeanscoffees.com/MY/home.aspx
Gloria Jean's Coffees,03-2172 4157 ,http://www.gloriajeanscoffees.com/MY/home.aspx
Gloria Jean's Coffees,013-2044 316,http://www.gloriajeanscoffees.com/MY/home.aspx
Delivery & Catering Services @ Keramat Mall Food Court,012-367 0007,No website
Domino's,No number,http://www.dominos.com.my
Domino's,No number,http://www.dominos.com.my
Domino's,No number,http://www.dominos.com.my
Domino's,No number,http://www.dominos.com.my
KyoChon 1991,No number,http://www.kyochon.com.my/
Coffea Coffee,No number,http://www.coffea.my/
