Snowflake,03-2144 8080,http://snowflake.com.my/
Ochado,03-2145 9868,http://www.facebook.com/OchadoMalaysia
Zest Cafe,03-2242 0389,http://www.zestcafe.com.my/
Domino's,1300-88-8333,http://www.dominos.com.my
Rama V,03-2143 2663,http://www.ramav.com.my/
Enak KL,03-2141 8973,http://www.enakkl.com
Reminisce Café  舊相好,03-2201 8168,http://www.facebook.com/Reminiscecafe
U-Village Restaurant  又一村香港茶餐厅,03-2148 9686,https://www.facebook.com/pages/U-Village-Restaurant/124777750943669
Onde Onde,03-6280 7419 / 012-3616713,No website
Domino's,1300-888-333,http://www.dominos.com.my
Hadramawt,03-4256 0678,http://www.hadramawt.com.my/
Ochado,03-2145 9868,http://www.facebook.com/OchadoMalaysia
Meals Station,012-345 6852,http://mealsstation.com.my/
The Roast House  燒味店,03-7971 5887,https://www.facebook.com/ShaoWeiDian
The Palazzo,03-9134 2783,http://www.facebook.com/thepalazzokl
Coffea Coffee,No number,http://www.coffea.my/
Coffea Coffee,No number,http://www.coffea.my/
